rawScore,humanScore
1.010864804893762,27.8225806451613
1.9269671138843916,52.4259259259259
0.4869705383399432,35.8888888888889
2.9866733955017564,72.1935483870968
2.9621900445513827,52.4074074074074
2.882188367499037,55.3548387096774
3.0955847653588284,99.1666666666667
4.207598785930006,99.5161290322581
2.2601045555381454,45.4444444444444
2.2487317666569466,62.3225806451613
2.1533110652956737,47.037037037037
2.1585652663350925,65.1290322580645
1.3563059811497387,24.2592592592593
1.930602564306116,45.1612903225806
1.7010562307706445,46.0740740740741
1.7365994937143314,52.5483870967742
2.3960063081321823,73.0645161290323
2.0130349408693133,49.2777777777778
2.929476648519299,84.6129032258064
2.8990586479424207,83.8888888888889
1.7177328907992868,60.6451612903226
2.041723992281093,55.7407407407407
2.373770678212995,53.4444444444444
1.8173075275193304,53.741935483871
1.7917124645775429,34.5185185185185
1.4793311941631244,42.0645161290323
2.276466001267772,75.6774193548387
2.276466001267772,68.6296296296296
1.9819843789111316,53.1935483870968
1.674623040940494,37.037037037037
1.540831069652968,49.3703703703704
1.6424032129106012,51.6774193548387
2.0558404913519404,52.2903225806452
2.0774655536587847,64.7407407407407
1.8973432379021327,96.5185185185185
1.8973432379021327,99.6129032258064
1.9581392456797608,58.258064516129
1.6795652443351095,50.0740740740741
1.4032351317421783,30.962962962963
1.4032351317421783,33.9677419354839
1.0684408296841386,17.1481481481481
0.8448155662795815,35.7741935483871
1.5539688932366562,41.6451612903226
1.6809004307017041,43.4074074074074
2.0960692886558805,49.1851851851852
1.9417057441318344,41.4516129032258
1.4798140505266555,27.5806451612903
1.7805458430398893,51.7407407407407
2.31638106252197,49.0645161290323
2.337296658033591,36.5555555555556
1.2686516475619833,73.3333333333333
1.6164581530488635,24.0322580645161
1.7728072377466995,56.8709677419355
2.039492326065637,66.4444444444444
2.4859578288998816,33.7741935483871
2.1324300106573952,28.0740740740741
1.649706444171831,42.7777777777778
2.1204762066820915,58.9032258064516
2.6904298704186336,82.037037037037
2.338052624754004,57.0645161290323
2.113493042620144,29.7407407407407
1.5042512857822359,29.3225806451613
2.608765401101101,39.8888888888889
2.556699630263131,45.8064516129032
1.8595744612572862,40.6451612903226
2.671421943627075,60.4444444444444
1.917158694766473,49.258064516129
1.6955826057882852,26.5185185185185
1.7068367664310324,68.0967741935484
1.9772586003684585,71.4444444444444
3.6829152201879456,98.7407407407407
3.1213768297346745,92.1612903225806
2.141564553516,64.037037037037
2.321480393848102,73.4193548387097
1.6162033909428473,55.3225806451613
2.149551076434556,68.5555555555556
2.0580704953668496,66.1612903225806
2.432961870774562,57.1851851851852
2.167840662296905,32.5483870967742
2.08746317098246,35.2222222222222
2.273777351172874,69.5555555555556
2.273777351172874,66.6451612903226
1.758434412349232,65.4193548387097
1.8160776299051908,57.1481481481481
3.103445664702415,93.2903225806452
3.103445664702415,92.2222222222222
1.5730753461468572,48.0740740740741
1.3207982591000778,36.8709677419355
2.471986971744574,53.4444444444444
2.4660825715927372,73.3548387096774
1.8090732152074287,52.2903225806452
2.2240094358423796,56.1481481481481
2.4916624541708114,69.0322580645161
2.4678192941785846,57.4074074074074
1.9970142980323973,93.2903225806452
1.7596774777732191,95.5185185185185
2.04587397118137,38.4838709677419
2.110019896777091,57.8888888888889
2.17627373420839,96.0645161290323
2.871968437701327,99.2962962962963
1.8972622177110268,29.1290322580645
1.8972622177110268,30.962962962963
2.05286363707808,45.2962962962963
2.6321749577795344,80.3548387096774
0.6675316157918008,9.58064516129032
0.8104616639640101,2.07407407407407
1.9062647715290593,32.4838709677419
1.8274064596522261,41.7777777777778
2.1896509211745308,61.0740740740741
2.176859436139412,74.1612903225806
1.788561362656035,60.4516129032258
1.8150208483076211,56.3703703703704
2.0911033776028813,46.4838709677419
1.7849928241925712,63.2222222222222
1.9998355064482918,68.5483870967742
2.3272217908607358,57.037037037037
2.092385998615117,90.0740740740741
2.388244157521173,88.741935483871
2.577002320931827,68.0806451612903
2.967283525353074,73.2407407407407
2.1181453258446785,79.2222222222222
2.3261514913036154,65.2258064516129
3.4426974262424053,81.7037037037037
1.2308135287126878,76.8709677419355
2.7783493885936004,67.4444444444444
1.6792299929483918,44.4516129032258
1.9439163230349743,61.0
1.677782709938312,49.1851851851852
2.052115445407512,62.3333333333333
1.4466647271873756,18.5483870967742
2.101381475187806,63.8518518518519
2.264132984130494,57.4193548387097
1.443900310721456,79.9074074074074
1.5944056387584422,89.0
2.1273531315428222,93.1481481481482
1.6099602755781097,93.2258064516129
1.6758278984430937,86.1935483870968
1.5960985903297793,58.5555555555556
2.278286648532622,43.241935483871
1.7968203724936107,50.4444444444444
2.532574395308466,51.125
2.2739336490543987,53.2395833333333
2.390012526063563,55.7218045112782
2.2053970621624286,27.7415730337079
2.3221942576700045,42.3602150537634
3.1095182974630586,94.5294117647059
2.323814064071154,36.7894736842105
3.447122143785101,78.5625
2.9080836994712893,71.8125
2.2698642718682023,41.5882352941176
2.3625748103783355,44.4736842105263
3.367565085076597,81.0561797752809
2.7381362430919793,61.5913978494624
2.751470277056006,34.875
1.7191748727626188,33.2608695652174
3.163638476069292,63.1182795698925
2.9017735188784464,91.8651685393258
2.780399311242759,91.6086956521739
2.607594390090734,41.25
2.25758241343461,36.9565217391304
3.1840977659890886,78.0786516853933
3.1840977659890886,78.5591397849462
4.207598785930006,99.6470588235294
2.5397850778003463,27.5639097744361
3.0855671923352253,81.40625
1.9309413069319608,87.7647058823529
1.9309413069319608,90.4444444444444
2.6630477894427123,74.8125
3.047292774954615,77.8421052631579
1.781120398810706,43.7058823529412
2.4683362083480564,51.2222222222222
2.928096999538568,45.5652173913044
2.275720941383926,74.1176470588235
3.0235740770763453,57.4117647058824
2.83071738540164,59.4411764705882
2.4438274980767662,31.1875
3.61651166273586,95.0
2.4270874240750424,53.1127819548872
2.4392938747640205,50.9479166666667
2.339153081593453,48.8421052631579
3.0990453972678096,76.6666666666667
2.532351809489187,35.1764705882353
2.0299125058560636,20.1910112359551
2.4904015503954797,96.3118279569892
1.598136772446378,31.8333333333333
2.1775634682463343,50.96875
2.2925715748391924,52.4135338345865
3.3928923490996574,68.4347826086957
2.523316929307335,37.1739130434783
2.8355170285039875,54.1875
1.9415762670708716,76.5
2.4805382148489548,40.1578947368421
2.9094605952678894,94.7067669172932
2.1793816290277763,64.984375
3.727657780616601,98.2631578947368
2.0430624160480924,29.2941176470588
3.197488506022064,64.5882352941177
2.96177521629146,57.3125
2.889736809535963,26.0
2.4145690784597136,49.8913043478261
2.830553650253546,67.6111111111111
2.787062093016837,62.1578947368421
2.4103688788836775,54.304347826087
2.5865149716920524,48.3333333333333
2.7092444339673167,70.3225806451613
2.5917690771542756,51.6966292134831
2.761860596376594,48.4812030075188
2.259521736127322,55.0416666666667
2.187040675276458,53.5294117647059
3.477390619508541,53.406015037594
4.207598785930006,98.78125
2.9163881358987354,45.6541353383459
2.951603784867969,62.1197916666667
2.507121364333941,45.0588235294118
2.7449128260901374,37.8823529411765
2.7286663242230453,39.8125
4.207598785930006,99.2352941176471
2.489259987443798,45.5882352941176
1.064879324096981,19.7604166666667
1.5844977930293322,37.8646616541353
2.0373046552576444,39.8888888888889
1.360340324826902,11.8539325842697
1.2716405018492456,10.2365591397849
2.743799985210979,33.2608695652174
1.9501474999835575,42.1304347826087
3.303062589723065,84.2173913043478
3.2259137702883476,89.9887640449438
3.151941339668626,88.0645161290323
3.537339773025235,47.3233082706767
2.6953547917894762,51.6979166666667
4.207598785930006,99.247191011236
4.207598785930006,98.2258064516129
3.1161520546036767,79.0434782608696
3.2324379929121863,81.875
3.2026329289829167,79.6390977443609
2.5740264554647014,42.3082706766917
3.3007252836731102,70.78125
2.9763556727714615,48.0449438202247
2.6403587956777828,53.8817204301075
2.8395616564501007,30.1176470588235
1.6772020634282347,34.0
2.3790249865039534,47.2352941176471
2.7633501731424825,66.2352941176471
2.8300571069081815,52.5625
2.6611473978524214,75.3125
2.342928472037072,80.7058823529412
2.161339143863182,38.3157894736842
3.6019558482421687,84.0294117647059
2.9665765071023937,59.8064516129032
3.1665260941812883,63.6629213483146
2.433281988882986,23.2022471910112
2.9879478006597493,35.8602150537634
2.1147736831658914,45.0625
2.348743771171424,67.1666666666667
2.8483584320600173,83.5
2.367060416984596,40.8095238095238
2.245583299355754,50.5652173913044
1.3738379562733882,41.0
1.959649893216058,76.2631578947368
3.523546489149625,80.7142857142857
3.476574701407268,83.5833333333333
3.45620631050949,87.8888888888889
1.4701807217177396,60.1176470588235
3.004857102529446,48.4193548387097
2.8911320777020477,47.3707865168539
1.3349543146297644,19.5168539325843
0.7020596059934031,15.5376344086022
1.0514126917771907,85.0
2.7864400344153615,80.7058823529412
2.769359140466924,88.4117647058823
2.405570540037225,54.8421052631579
1.867055986166145,41.0952380952381
1.8574647725410802,11.9130434782609
2.289322351518774,52.4117647058824
2.668804462942993,70.9444444444444
1.9526603906963025,34.375
2.5197350946483783,37.1176470588235
2.898900463411512,70.9101123595506
2.6895453905073654,81.7096774193548
1.3281050275964066,50.7647058823529
1.0500170870029535,33.3978494623656
1.2369206443225587,15.8651685393258
2.37791766722774,86.0588235294118
1.7248108835082678,80.875
1.9880180713418292,89.8235294117647
2.0730490308390754,37.4117647058824
1.3825617697691788,74.5294117647059
2.2570308444454135,37.9117647058824
2.3414473157937667,48.96875
2.6893060309474883,59.6842105263158
2.4451574451347713,82.0555555555556
2.1884095969698745,71.6666666666667
2.145993954101105,55.7222222222222
3.273345332798677,71.7368421052632
2.3806552737647917,59.5652173913044
3.4549589554348867,93.4375
1.9406088341337457,27.3125
2.4541754635305253,38.8823529411765
2.7955525592098383,52.0
2.8439879257489946,55.1666666666667
2.8439879257489946,50.4511278195489
2.8439879257489946,61.1176470588235
3.6689542780242927,96.90625
2.108875505218721,42.3913043478261
2.3885775162006904,38.3125
2.3586513206905906,46.0
2.632553671109667,40.3478260869565
1.9566138462656153,85.4705882352941
2.220210247870848,20.3055555555556
1.721402123580107,81.2222222222222
2.7075831156888315,53.6470588235294
0.6932420684385798,34.8314606741573
1.3570714338947878,84.8709677419355
2.103986295606979,44.8125
2.107960017015751,45.8947368421053
1.316298106709119,88.0625
1.3537838717714665,48.5294117647059
1.8873219765050164,46.5294117647059
1.906097815020317,20.2043010752688
2.031594939342082,32.5393258426966
2.562212899125038,71.90625
2.895126469278334,54.8421052631579
2.716930699022947,93.1666666666667
2.3775297764019423,39.7058823529412
2.2784296384733587,50.5294117647059
2.8505238318217057,52.1428571428571
2.8947853486923294,80.375
3.0364469665856184,98.1764705882353
2.4782356379667334,60.0451127819549
2.327923999662069,73.6770833333333
1.7321121955504901,59.2777777777778
2.6274661438014135,39.3529411764706
2.5651516511022012,72.9411764705882
2.132673715791931,64.1904761904762
2.3377068089959843,79.8125
2.462150304478058,53.2380952380952
3.0836915805000666,87.4444444444444
3.1048839729204447,99.2604166666667
3.1048839729204447,99.5187969924812
0.7836646827146868,40.625
1.0192206499471923,77.0
2.44312873818068,91.2380952380952
2.8047900786279283,90.8125
2.056210358345463,73.8333333333333
1.8186192800956,61.1428571428571
2.485486822171208,38.25
4.207598785930006,96.0
4.207598785930006,98.7311827956989
4.207598785930006,97.8202247191011
2.2926778268366568,30.1428571428571
2.2480180530990257,92.4761904761905
1.1450349389038008,50.4479166666667
0.6202761565693924,21.812030075188
1.7682042967265401,92.6111111111111
1.9972743705916514,71.7368421052632
2.87248255572514,61.2631578947368
2.832064316595315,63.5263157894737
2.5540583144681177,5.64705882352941
1.2171835979417598,27.4210526315789
2.577649668075299,94.6875
2.562542318056074,48.7647058823529
2.1377167473841876,55.1739130434783
2.126163841571039,26.125
2.5095246530997253,56.3529411764706
1.7260186657705445,44.8684210526316
2.3064704871196082,48.625
2.4630344365345955,77.0
2.2845386479025698,85.1111111111111
3.7785714995430766,95.875
2.757266368592584,85.75
2.413034576545014,68.0
2.046024481468905,63.6470588235294
2.514066977980985,60.0
2.3835759469548488,42.2191011235955
2.603591683179698,88.1176470588235
2.1588100680986604,90.125
2.22086322437665,73.7303370786517
2.25479989896792,74.3978494623656
1.66378795568712,36.8260869565217
2.680218740790181,52.9548872180451
2.952583244623948,70.1666666666667
3.0165991495904163,89.9375
2.3607792549408644,70.8571428571429
3.295569411052237,87.1304347826087
2.547061019422047,79.8823529411765
2.764091999648546,85.25
3.0950591685839157,80.2857142857143
2.266073333515045,57.8695652173913
3.008913170633622,49.9565217391304
2.1964107048667403,95.1764705882353
2.4786944559557336,77.2941176470588
3.2583494878675907,83.9444444444444
2.611083623552218,39.4705882352941
2.4148170924728074,84.7584269662921
2.7698422705657273,80.3118279569892
1.9304384869550333,71.2857142857143
2.221984682824769,79.1739130434783
1.978269657245228,64.6521739130435
2.310330199231493,86.8571428571429
2.1124372159439746,38.8695652173913
2.234014744872246,36.5505617977528
2.8213338984524814,36.9784946236559
2.2261462987288656,70.4736842105263
2.7587613272979072,95.3809523809524
3.04695670984126,91.0
1.92961589642285,26.8125
2.8943875044551395,68.90625
2.6157920753471275,52.3010752688172
2.276939980874861,40.5280898876404
2.0874125857438717,36.25
2.0659099054841654,77.75
2.2360179292176374,43.8426966292135
2.2312357517227825,51.1304347826087
2.079915902589123,40.4193548387097
1.799703253117519,26.0056179775281
1.8800748056886316,49.010752688172
2.046562429613692,58.1612903225806
2.5373822594402435,51.7078651685393
2.313130132027402,52.2173913043478
1.8917318139722434,43.3385416666667
1.8087077042305,44.9677419354839
1.711713677982872,41.8496240601504
1.8088688293736181,37.1348314606742
2.2690058130562583,65.5217391304348
1.9422158107053151,49.4210526315789
4.207598785930006,96.8888888888889
1.5245353839068865,26.9411764705882
2.1462662409904647,27.5625
1.194375579028873,13.375
2.054312128959181,21.8421052631579
1.918670591904669,22.90625
1.9388199678708253,74.5952380952381
1.9818066145196094,91.2941176470588
2.6861344064304147,78.9047619047619
1.9332661185250746,19.375
1.4930648468080796,72.6470588235294
2.2251281674453884,82.0789473684211
2.0974475745759897,77.8333333333333
1.6956942408462714,57.6666666666667
2.1005853083762953,89.6344086021505
2.1005853083762953,93.5393258426966
1.852843969768001,25.1739130434783
1.9621685467997745,40.5263157894737
1.995142908852925,61.5217391304348
1.9859972373481662,41.875
2.2085237226922927,62.2857142857143
2.297662071139348,91.5714285714286
2.721198608928365,81.0555555555556
2.320213671041186,46.4511278195489
2.6984214717461565,70.9523809523809
2.8127554251170324,67.203125
3.2117144527319312,39.9247311827957
3.026867458937906,83.9438202247191
2.4360230273122143,81.6666666666667
2.546181871523956,58.7669172932331
2.384124546498542,77.1075268817204
2.3320934840541105,63.7303370786517
2.8204746768233173,82.5238095238095
2.0429083400598276,42.6966292134831
1.675968225871618,42.1075268817204
1.9771281733929618,85.75
1.317058739170893,58.8947368421053
2.0684011242384024,79.0
3.0961652747545134,79.6881720430108
2.624446760986064,52.0168539325843
2.714821875777547,39.7303370786517
2.8517372690377374,64.9032258064516
2.499304092856156,67.0555555555556
2.642929324339298,79.8823529411765
2.497568157059037,66.9375
2.9500658736756993,81.6842105263158
2.17544917327793,69.8095238095238
2.140800627628941,33.0
2.7791669795683056,85.5882352941177
3.276012545313042,93.8823529411765
2.3267100475935476,93.3529411764706
2.6495888008596546,51.3684210526316
2.3400775511600926,70.0625
2.304355508450975,32.2631578947368
2.7707936408776184,40.9462365591398
2.913987217052041,29.1011235955056
0.9978134903839188,55.78125
2.3061368020303843,89.7058823529412
4.207598785930006,99.4782608695652
2.0843422240629783,49.65625
2.927847871425635,46.1397849462366
2.524063450838219,48.314606741573
2.3748977225343624,50.2352941176471
2.1370676263968105,85.8095238095238
2.6402220116377886,66.0625
1.9737331020163802,53.8421052631579
4.207598785930006,94.5238095238095
2.506926958308074,91.0526315789474
1.702205532610281,41.1875
2.3225441466954004,52.1428571428571
2.6392252112583594,78.5842696629213
2.6303712930262124,67.8235294117647
2.247724197697135,78.6559139784946
2.9976088998955253,94.9565217391304
1.4069073108044983,38.5
1.761423544546521,13.4166666666667
1.7115382727061665,15.5263157894737
3.014283877528238,62.5869565217391
3.338776185468999,87.9047619047619
1.3022401640062862,67.4117647058823
2.846738534271227,60.0625
1.2300568591393681,86.6176470588235
0.7874725247990794,89.7058823529412
1.3830391040474665,50.8260869565217
2.076596957812474,62.5625
2.2615952188863067,66.3478260869565
1.9984353602160612,46.2368421052632
2.8305340083583634,54.0588235294118
1.5700093833716886,51.3478260869565
2.8305340083583634,59.5
1.8838382458713745,82.5238095238095
1.7053190415899344,82.9411764705882
2.0087230328706593,30.0526315789474
2.244783933456412,73.0555555555556
2.874954803962596,89.1666666666667
2.6753478737570098,31.9375
1.9374537649641346,56.2857142857143
2.358827058484738,65.0526315789474
2.7943806723790714,63.4791666666667
2.701271114567364,43.4375
2.121840638983192,65.4705882352941
2.2618805634160397,39.96875
1.9326863041346256,55.0
2.488034301306555,51.5625
3.0844518853059486,50.5338345864662
2.138518318090082,65.3125
2.185247608259314,84.1875
1.7024089425188018,83.5588235294118
1.4064348547663825,20.9411764705882
2.3605647233284235,59.0645161290323
2.6015857168642884,83.6067415730337
2.8018603993273663,53.2105263157895
2.855202957220608,71.3333333333333
1.4703088656745245,48.75
2.5749643026283517,70.7826086956522
2.6182597682296938,15.1176470588235
2.1565071813263232,12.8888888888889
2.1282878705775032,68.34375
2.178053457268549,53.875
2.081524824470355,45.2631578947368
2.5668909220454705,84.7894736842105
2.0096504834082975,62.5652173913044
2.0580825596856984,67.2777777777778
1.8820541736894383,57.7142857142857
1.8341848657260755,36.1428571428571
1.934423980823891,61.4347826086956
1.7122597576032443,29.0601503759398
1.979246284244233,56.2708333333333
2.4293714347878246,81.875
2.6699497452547587,87.7619047619048
1.673430478389948,55.3333333333333
2.248222369569247,47.0625
2.753042403985611,53.304347826087
1.7722707770294421,86.7380952380952
1.5733831670452336,59.6666666666667
1.228452962888483,56.1111111111111
1.8727702290981647,56.9444444444444
2.47117540692018,18.8651685393258
2.7233524000627627,76.5913978494624
1.9648211959489874,57.6616541353383
1.9463726662261607,59.6041666666667
1.9617979685828282,26.7647058823529
2.3224080841797736,38.0674157303371
2.04571476545583,27.4838709677419
2.077739107712647,72.1458333333333
2.1976006031999598,67.7894736842105
2.475332912601,48.8571428571429
2.146615826217205,60.7222222222222
2.361642128547931,50.4375
2.388101792202802,87.7619047619048
1.7895064578044941,83.0588235294118
2.0833563584460957,42.5
2.5267916594332545,87.0625
1.1077316332895875,54.3529411764706
1.9595418667958875,49.5625
2.058403338762897,77.6666666666667
1.9697045600654914,85.8872180451128
2.00441052050241,47.695652173913
2.030372872208848,50.2352941176471
2.0027093604849986,82.8947368421053
1.5843156083841239,39.1875
1.721126136716996,46.6917293233083
1.686666414042729,52.2291666666667
2.8399985950898867,60.7647058823529
2.0916732174689296,69.1111111111111
2.720935938802299,50.6165413533835
2.803462693929403,72.7916666666667
2.7190602950593217,86.1729323308271
2.6041257136983877,57.5729166666667
2.228721859805964,66.5
2.2654482059159236,86.1666666666667
2.0411384661965553,44.96875
2.227220500291524,71.1015037593985
1.4188311578223827,52.75
2.5330295923049726,70.3333333333333
1.8746853374114083,30.6875
2.1291943296980995,55.9473684210526
1.6392308695890008,49.28125
0.6985233493623723,11.5952380952381
0.6664666870305689,14.1176470588235
2.4249337898097427,38.7368421052632
2.49441857972076,82.5882352941177
3.020520857418411,74.7894736842105
3.2243790664419985,93.375
1.488235471268516,48.1460674157303
2.0323676281772087,92.7777777777778
2.3575501428467667,86.2365591397849
3.049327704534608,86.1578947368421
2.5535316381479034,36.6875
2.0341588534122015,37.53125
1.3626787986347737,42.2894736842105
2.3208974310504153,70.3529411764706
2.107857284461569,79.6666666666667
2.794888742549226,78.375
2.794888742549226,82.6875
2.2660146779512482,75.7619047619048
2.44137506829861,64.9097744360902
2.3977183924254275,67.6666666666667
2.228447668962584,58.875
2.354422999716975,40.5882352941176
0.41811997608763385,73.1875
2.8179399051959733,67.2941176470588
2.318117499508075,60.6458333333333
2.471196733342924,60.1654135338346
2.545264530246894,68.6842105263158
1.632416950658128,46.3834586466165
1.7517331939191951,60.3958333333333
1.9340094509571442,31.452380952381
2.2402520291752728,65.5
2.1595072908151383,53.5714285714286
1.4584583958910529,65.0393258426966
1.6136393632362094,65.9784946236559
2.782309446761795,80.8125
2.525945067307489,78.1503759398496
1.8836469790258077,67.6842105263158
2.1384212503185265,78.4285714285714
2.6869418076741,95.4117647058823
2.4178069695628452,52.7777777777778
2.5137576902439305,26.0
2.800478842708444,70.4375
3.2470474235281173,93.375
2.113078840542214,66.375
2.0186485622449095,55.4705882352941
1.919128693611186,67.875
2.0810730672129063,73.7105263157895
2.022750535280478,49.9375
1.2730750164450646,20.0
1.378307379710025,84.4438202247191
1.8113389999067875,90.1764705882353
1.502794794169057,48.4117647058824
1.3292654188585642,29.375
1.3005428179629703,31.1739130434783
2.584471837655217,62.4285714285714
2.0029359624454792,72.2941176470588
2.4316698916373425,74.375
2.4489004242336323,51.0
1.6204863284777777,57.6470588235294
1.912810631574532,76.0337078651685
2.007412757554724,78.4086021505376
1.2407607525639512,46.6470588235294
1.773515273242298,42.5
1.6210067810938855,42.8260869565217
2.2263980294175454,47.4210526315789
2.4179930130797604,46.9473684210526
2.271054343516789,27.9411764705882
2.1014588361536877,70.6111111111111
2.16116850010264,44.8571428571429
2.6782448999434703,76.4494382022472
2.343142457064507,34.6344086021505
1.9803646326928641,39.2222222222222
1.6644815601489853,48.2608695652174
1.6827507780322664,26.8125
1.4201234753753096,33.0625
1.3244372056141023,53.7222222222222
1.8530811436906665,37.75
2.581027137362563,21.0
1.8896383045216654,54.2380952380952
1.5854249135975234,51.2857142857143
2.299222930021234,79.7826086956522
2.21893083599905,72.8055555555556
1.7225282819498597,30.3478260869565
2.441897733577496,53.9565217391304
1.8064953989457335,74.2380952380952
1.755576062909424,45.1904761904762
1.2812700320285964,30.1052631578947
2.2049609997174104,65.4347826086957
2.1231790800718247,73.8202247191011
2.7785071276366744,31.3440860215054
2.4363896210473643,62.8333333333333
2.3849405738701592,58.09375
2.369054793642902,29.5555555555556
1.7244031246240263,15.65625
2.1897825110303457,37.9172932330827
1.2492770755155957,48.2395833333333
1.3693918098029747,52.6015037593985
1.6270431439507742,26.2631578947368
4.207598785930006,99.125
2.0542080047416507,28.5393258426966
2.2045033145912893,28.1290322580645
2.139526336870695,28.8235294117647
2.8739723218170043,75.7619047619048
2.295949998255732,63.4347826086956
2.3891575169471317,62.8947368421053
3.3734772610094237,98.5294117647059
3.091711270793036,39.9523809523809
1.9232892988573347,57.2359550561798
2.0106851368502903,56.0
1.5327729321980792,40.125
2.4929689954831393,69.9172932330827
1.7324753635708698,43.6458333333333
2.100978967231671,34.3870967741936
2.7368955889653517,62.9550561797753
1.5787897705398823,28.1176470588235
2.0340223669445763,35.2105263157895
1.9955173422988763,52.4375
2.6104308477982014,22.505376344086
2.0880631341125584,25.438202247191
0.8596131576375537,33.1428571428571
2.899834531803061,50.5238095238095
1.7785177717922127,55.1764705882353
2.2800997396184113,54.8823529411765
2.8443380584934963,29.125
2.376624096295811,56.6086956521739
1.5787154196831719,21.09375
2.4251602197646918,86.1052631578947
2.2093206868701203,39.7647058823529
2.5433989179049936,32.6165413533835
2.132688477327295,28.625
2.661388434736266,37.7741935483871
2.620577870438648,63.2640449438202
2.4901159350440834,68.9047619047619
3.552081972764457,56.6881720430108
3.431769971073524,41.4831460674157
2.801594751577624,96.4761904761905
2.8054262415352627,68.0625
2.033125737660106,33.5714285714286
3.102546751934376,81.9047619047619
2.7483156816883154,89.75
2.516714080131182,50.5520833333333
2.80849302447639,42.1353383458647
2.585139724565262,55.75
2.455316364964572,81.1428571428571
3.053701546137503,57.9473684210526
2.920152525423448,45.7083333333333
2.2164787363523213,89.125
1.7865430462423637,31.3157894736842
2.0179141476427276,76.5263157894737
1.5881415449271474,86.7865168539326
1.6282300085604768,85.258064516129
3.566799311895387,95.812030075188
3.2163408307276193,35.4895833333333
2.305766567284713,34.2352941176471
0.7794829557562414,75.6875
1.9252670237778395,65.4736842105263
2.680293117634834,48.2291666666667
2.6263718891174666,50.5488721804511
2.3953363206296974,44.0
2.779274855851242,34.3235294117647
2.2924881580597947,31.7391304347826
1.4287675255517442,19.9411764705882
3.1224882715066675,38.9444444444444
2.412676140769477,74.1720430107527
2.530888269843799,76.5056179775281
1.6018610741291062,77.695652173913
2.1134643540717515,63.6315789473684
3.3955297540723426,78.6470588235294
3.9382645295519754,96.9624060150376
3.3751370316658673,79.8541666666667
2.434600987340599,71.8125
0.4895460234846742,18.8125
0.5253804495851025,14.5625
2.137702916714588,62.5625
2.3007230850223355,83.8478260869565
2.5113852849679366,96.0476190476191
2.9966738465285943,70.7752808988764
2.66103226008747,43.3225806451613
2.3015812690487394,42.75
2.306306270796515,55.9398496240602
2.2076794384401808,65.25
1.6567568438261124,35.0588235294118
2.3640631941397907,33.5729166666667
2.412703826230859,34.3609022556391
2.1782862325435453,85.1052631578947
2.23032539864903,91.375
1.834210094724651,26.7368421052632
1.4542180565866902,16.6404494382022
1.297263776725599,24.989247311828
2.7269929916643965,85.0434782608696
2.066721367991958,51.2941176470588
3.0641314316856563,79.7826086956522
2.656252860628348,36.5882352941176
2.697141234214865,32.1176470588235
2.7453470637622335,83.0
2.617122290868187,72.4375
2.8526275922291604,70.34375
2.381145617904719,27.1875
2.703248394019171,86.625
2.3200632057236676,94.46875
2.4400905707067992,23.4736842105263
1.2029270234196643,38.609022556391
1.1547652829241017,58.28125
2.4937229730475057,67.9473684210526
2.130510785998833,78.2941176470588
2.275472946001907,73.3684210526316
2.6808519728755704,80.9565217391304
2.4390706542825296,65.1666666666667
2.5530304385665494,75.34375
2.5530304385665494,77.7058823529412
2.981651739329072,67.2222222222222
2.8254614578949067,56.3529411764706
2.8729216209639983,66.7222222222222
2.2302752632528806,59.8125
1.6457003808776838,47.8202247191011
1.511979701133637,49.0
1.6136919272415686,61.1176470588235
2.525787560401352,55.6315789473684
2.624871231343223,84.1666666666667
2.550450307792554,83.125
2.381173886456081,75.2777777777778
1.8806079037091217,65.1573033707865
1.83312109799517,50.3548387096774
2.0591583380315437,32.3888888888889
2.5970710975465385,94.3333333333333
1.4687052873933577,30.2941176470588
1.7617882123092283,70.3529411764706
1.7112024454074812,77.0
2.0386500879802822,46.8125
1.768613701886047,44.4812030075188
1.9272316171699089,39.0416666666667
2.2546440526822153,47.0625
2.2516571082100723,75.5789473684211
3.0197009948099476,85.0
2.3861708174014935,93.505376344086
2.3861708174014935,96.2584269662921
1.0330176558893185,83.6315789473684
2.1166591255286753,18.8695652173913
2.3348894693003746,53.7826086956522
2.9622433855281467,75.5520833333333
4.207598785930006,99.1353383458647
2.7939802126743856,41.6451612903226
2.5195691667653444,65.2105263157895
2.3645877474180064,55.6516853932584
1.3099805868657066,42.0476190476191
3.303360732455487,38.0294117647059
1.7090537180603003,26.0
2.6232073767040545,50.4117647058824
3.067418021211833,87.2608695652174
2.332410007627039,45.0
2.225930286403229,68.6111111111111
2.83238264844918,17.5
2.3340792489393456,54.7078651685393
2.2509517378821364,38.9784946236559
1.9906143954282653,86.5
2.771442797667292,56.5789473684211
2.7350081207761594,90.4705882352941
2.3873339180135407,26.5338345864662
1.7358120781611421,44.125
2.514184099140836,44.6470588235294
2.427255796417617,55.5882352941176
2.155468353430996,51.8888888888889
2.2680439814699622,79.9375
3.034709015832684,91.625
3.257401862730564,82.4323308270677
3.3372224936969,90.8823529411765
2.3002918532494787,42.4210526315789
3.289659042010344,69.0300751879699
3.289659042010344,64.0
2.359464045743997,57.4736842105263
3.126322562255379,83.5555555555556
2.9562591338612734,63.0277777777778
2.654621351986766,73.8421052631579
2.746639187515118,85.2941176470588
2.3778041721876555,85.6979166666667
2.6947922579117165,41.8458646616541
3.5162669140478737,88.3529411764706
2.6966326107738374,57.4444444444444
2.687646799732599,62.6842105263158
2.7168715878530643,80.046875
2.548405956709484,45.5416666666667
3.1478183896876812,71.2255639097744
2.952690937510962,81.0
3.147210362598666,39.3529411764706
2.5681666512436245,52.0
2.8992111382454255,93.375
2.1945789992418585,60.8195488721804
3.10924022209052,95.9583333333333
0.6306535327386407,23.0588235294118
2.3532862844338984,33.8195488721804
3.0603131918032194,58.8229166666667
2.0028781922899257,47.3548387096774
1.75543080932316,58.0588235294118
2.1607496952724765,56.1011235955056
2.2182013915062844,80.0625
2.485313875040512,70.1739130434783
1.6244447591939468,44.5263157894737
1.7099523187292187,51.0625
2.294812445712432,30.6741573033708
2.3046921753906062,59.5376344086022
2.64616983007746,87.4347826086957
2.6431472117648673,94.695652173913
2.6265857935084194,51.6466165413534
2.6154156654829843,35.3854166666667
1.6571086310910745,71.4375
2.9433169530500756,80.5
2.2938446622725097,40.7368421052632
0.40359120280987415,94.4408602150538
0.2011265185650724,84.2584269662921
2.0134757312795903,20.9375
3.2129430096095253,92.1764705882353
2.1449546113468934,27.125
1.5536044702535161,30.2173913043478
1.5798053034802215,53.4550561797753
2.6969279635742884,49.3529411764706
2.660701106021696,61.6344086021505
3.0824356821199856,74.7634408602151
2.805133232827734,60.1685393258427
1.660624728701037,42.7752808988764
1.660624728701037,38.741935483871
2.3488083825201445,91.1764705882353
1.8541334378942094,63.7647058823529
2.128095589016897,77.2941176470588
2.4993670981102682,72.3529411764706
2.234104889452815,41.7894736842105
2.8836316998572955,58.625
2.643026897197174,60.6388888888889
2.279252176020999,36.4782608695652
2.2617845567347876,64.0625
3.1032818088130636,67.4347826086957
2.8282573210163444,63.828125
3.0693425088255815,74.4210526315789
2.2870081409867855,71.5263157894737
2.3337207571001226,37.7647058823529
1.6097731714909278,53.9411764705882
3.1073781766696076,80.375
1.9899576662053828,34.9117647058824
1.8975908002884978,24.2105263157895
3.060525560765253,45.9047619047619
2.5196737948076144,71.0714285714286
2.158407214169424,89.3888888888889
1.8441192159905135,63.9375
3.106257797569581,80.1111111111111
2.0551852203029566,27.6404494382022
2.835974116961206,77.010752688172
2.8683371339935544,53.3458646616541
2.557880657409348,44.96875
2.166890055763716,23.9565217391304
2.3869457301057144,38.875
3.2350117126707185,80.1176470588235
2.1156558638833833,54.123595505618
2.839717775788255,33.2043010752688
2.378481165131659,82.3888888888889
2.75167189584919,55.4285714285714
2.347146929065879,80.2894736842105
2.702158022065379,68.9375
1.8715605265325923,47.3125
2.7446156133236568,56.0588235294118
1.6394354857591618,55.8260869565217
1.0630548235480077,71.1578947368421
2.8588032119666225,78.3233082706767
2.7360021551258975,75.2916666666667
2.739719033009432,88.25
2.4331278531293705,76.0
1.7320165896402446,40.0625
2.5516828483538245,86.8421052631579
2.690648303861556,86.8055555555556
1.824195720006023,57.1875
2.011241633369887,56.125
2.8725647621717174,85.0833333333333
1.9916129041293582,37.6344086021505
2.0549448078637966,38.5955056179775
2.3636238347822642,67.0
2.971984011646434,96.125
3.0155130280302678,94.5
2.555331590893971,84.9375
2.0956796522672807,37.8823529411765
2.999809145318104,26.0263157894737
3.1897881730366744,61.5526315789474
2.1970901907056932,49.9605263157895
2.2928292845686817,33.5921052631579
3.386138548475218,79.0789473684211
2.982994321999408,74.9210526315789
0.9061472194150669,25.9473684210526
2.001088401728218,2.68421052631579
2.604446787611756,54.1578947368421
3.0085715536999604,53.9473684210526
2.160988291113515,51.7105263157895
2.327731356348461,42.1578947368421
3.084830732777189,79.3947368421053
2.6380386241567995,43.1842105263158
2.3111147996988595,76.7763157894737
2.846988283297871,69.2763157894737
2.980316732172887,65.9210526315789
2.8213607664090468,38.8684210526316
2.66099948590296,86.1578947368421
3.190807428621141,88.4210526315789
3.191894979016645,81.1578947368421
3.062231309541482,70.2894736842105
2.5987692674506713,25.5
2.4719824612447314,68.3421052631579
2.7086657086679278,94.6315789473684
2.4488192273642766,59.3947368421053
3.187935240921479,87.0789473684211
2.970649729054731,91.7368421052632
2.341004295714258,25.3421052631579
2.2744091355331677,86.5789473684211
2.883841214739109,73.8684210526316
3.1222828809033136,74.0263157894737
3.1192354215485536,84.1842105263158
3.088214019142656,85.7894736842105
2.656186777966974,17.3157894736842
2.755760397249495,26.0263157894737
2.2096667190730295,54.8947368421053
2.4092131464896243,80.8684210526316
3.0378212640732496,57.3947368421053
3.0802499718928127,57.4868421052632
2.904092670147443,34.0526315789474
2.992689464970315,29.7894736842105
1.3507865961331318,59.1052631578947
1.678625571067237,62.4210526315789
2.344673477870272,7.77631578947368
2.369659827576831,31.8552631578947
2.827591101492353,55.8157894736842
2.729494919242179,63.9736842105263
2.945471286177281,9.92105263157895
1.9240876432906246,57.0526315789474
1.7543818774263127,34.5789473684211
1.8549451169811753,58.6578947368421
2.268585360992496,18.1842105263158
1.827249249326646,12.1578947368421
3.086260175505447,73.2631578947368
3.0056703501440665,62.6578947368421
1.980124237962293,23.4736842105263
1.5253278264518717,15.5526315789474
1.455061331926941,14.4605263157895
1.6963223578928006,82.9868421052632
2.5658303834592258,91.6052631578947
2.5658303834592258,92.1052631578947
2.7578060914939013,72.5789473684211
2.786257040826326,70.0526315789474
2.0437916032239363,34.6315789473684
2.1608575006779915,22.5789473684211
2.6161357905789253,69.1315789473684
2.2333523387611263,21.8157894736842
2.4968732149532484,60.3421052631579
2.8615335897120047,76.6052631578947
2.7720128661504595,36.3684210526316
2.4657504562963224,64.6052631578947
1.6014746028091713,24.8421052631579
1.6014746028091713,36.3421052631579
1.81690271407851,11.4210526315789
1.6857314672087524,28.4736842105263
1.4776883711354267,79.3421052631579
1.848650325942012,77.0
1.8660303885956522,11.1315789473684
1.872724514856094,9.42105263157895
2.325694369039833,39.5526315789474
2.4949793899487065,24.2631578947368
2.1183084272228423,53.9473684210526
2.2456611704681886,49.6052631578947
1.9201506638139088,58.7631578947368
2.0520207062410165,58.0
2.3284538836278847,27.0789473684211
2.407778362628408,37.0
1.8257715967506851,9.61842105263158
2.2154110574233927,64.8684210526316
1.8831830769893574,67.2368421052632
2.254113457761075,74.3684210526316
2.0732218203451978,28.5789473684211
1.8517231586237035,56.1842105263158
2.1905755406905625,39.7631578947368
2.120945970126147,33.2631578947368
1.82222403502619,31.3947368421053
2.0882553776821164,64.6578947368421
1.9604492805265252,11.4210526315789
2.167330215071229,13.0263157894737
1.0336863363745759,94.8421052631579
1.0336863363745759,91.2894736842105
2.4069536959855644,14.7894736842105
2.007158721160321,6.44736842105263
2.1829214435318187,35.9210526315789
2.3445357826911293,12.1842105263158
2.976961996112893,95.2631578947368
2.976961996112893,97.0789473684211
1.0851674624724832,6.39473684210526
1.3891036902676142,24.2368421052632
1.2696183747730132,42.3947368421053
2.0571279306838295,75.5263157894737
2.1954678628302498,18.3684210526316
2.362897657215666,26.7631578947368
2.15272291748422,23.9210526315789
1.9223902958273105,39.7894736842105
3.2426738374274846,60.7105263157895
3.471675117251616,90.7105263157895
2.9699676038101277,72.7105263157895
3.1815609285405833,66.8947368421053
3.0366170385324587,80.9473684210526
2.809421465672709,81.5789473684211
1.6268517320753346,71.6842105263158
1.5506689006215777,40.4736842105263
2.0008878580732663,62.4473684210526
2.4512787304755874,72.3947368421053
2.2433507392925716,26.8684210526316
2.7253471143116723,34.9210526315789
1.9268262593251384,13.6842105263158
3.0549733725591692,26.3684210526316
1.6651858493790448,28.0131578947368
1.9946926387013957,48.75
2.29981787619007,60.9473684210526
2.0149912583371896,76.3947368421053
3.152014407580378,59.5526315789474
2.453862640283672,52.3157894736842
2.5312440066129147,50.4736842105263
2.5392716848596786,37.8421052631579
1.9690153567015267,18.2368421052632
2.156600755694653,31.9210526315789
1.9299109350818058,70.75
2.2244084898443717,40.0
2.4001192501770867,25.875
2.7725653109730053,49.5
2.423965567259118,32.3125
2.7746791750786852,35.0625
2.1123808144044998,47.0
2.127005453953164,58.875
2.442218171442407,70.8125
2.13212543122384,27.125
2.8178242171344103,53.0
2.5585539650438047,64.84375
2.11315853494982,45.625
2.435293423610389,54.0625
0.7624527187463577,16.6875
1.9947611395730602,32.5
2.0455226893629543,89.3125
2.0777565084619583,56.125
1.7201441810854607,52.46875
2.498864896186698,50.5625
2.2002664948414057,63.6875
1.4287881672689449,19.625
1.9608312931946605,27.9375
1.8926443018652523,69.625
2.4169946323358307,81.25
1.4288429164869323,35.0625
1.8517847153086573,52.0625
1.6027040074115382,80.25
2.0979258052797496,51.125
2.5881807757785857,86.40625
1.2671319055978068,49.4375
2.8455665899125644,50.3125
2.407582796816537,47.15625
2.12040010205707,52.375
2.739091389481568,53.4375
1.931512596727487,35.375
2.57427511813746,88.5
2.0628657594237407,42.40625
2.4055782974626676,56.6875
1.542864036475034,85.75
2.0088348155283957,75.125
2.7144922997575955,77.0625
1.9366425316659792,40.0625
2.1887463926423174,42.6875
2.145795434119077,59.125
2.454583160567083,45.5625
1.7537384282656066,48.4375
2.1290016359315502,52.875
1.3529966954498882,42.4375
2.567675430170318,26.625
2.108430878726987,55.625
2.543329909515979,77.125
2.3274666812677527,28.875
2.3106033165098063,72.625
0.5182393984735743,39.0
2.2500781636980194,37.875
2.7966598699429785,42.0
2.5741671365359013,83.0
2.654610258112075,71.375
2.45647037586194,86.0
1.8388153649561056,54.625
2.1574422968220026,40.1875
1.115209059892912,22.0625
3.3516866695823264,64.25
2.3782237259119983,69.6875
2.0837331314038727,43.4375
1.7818284298267542,31.375
1.9673100497671858,44.4375
2.0121136776072657,69.5625
2.2276425503169763,72.5
2.77590905935537,52.8125
2.521047580329444,70.5
2.5035132998958383,88.6875
2.9643519014498714,47.375
2.091003308301728,38.8125
2.2955706647682868,75.1875
0.8968655889909348,58.1875
0.971421043021883,75.875
2.7582788312310385,56.0625
2.943599887766878,74.09375
2.408042760014512,73.1875
2.5821220367102353,83.25
2.443730512262321,87.4375
1.6630821511325595,43.125
1.814854963918478,69.5
2.55844191961081,43.6875
2.084339420573405,53.6875
2.8051518139148244,80.875
2.2830775457579793,58.9375
1.0732350967804782,31.6875
2.264500928834734,94.375
2.108913114200172,33.625
1.0512722618223842,17.0625
2.30360631774327,38.375
2.0992775905609826,47.53125
1.7746045025294468,47.8125
2.4169356607379973,69.75
2.9751626407902045,64.1875
2.3253078305259325,39.0625
2.7725199664564912,83.375
1.9813262808415584,57.5
2.256725727903526,34.5
2.5211489438507866,38.375
1.9388885476513789,26.40625
2.2083128672711387,30.125
3.1699532467300817,59.3125
2.598970253482561,27.125
2.1259144104091603,81.5
3.025833146484641,54.8125
0.9233410356770649,29.0625
2.070274337328746,72.0625
1.469354856060971,24.875
2.3485544866714747,41.0
2.787125740064961,80.125
1.603139234621632,44.8125
3.190476266477354,90.625
1.6037183334701777,34.0
1.8337030329397574,35.9375
1.8353371618348793,71.375
1.5219210845375022,20.75
1.5320680345253164,30.6875
2.161423597904506,71.0625
2.1398157149989876,39.0625
1.8568271732211092,89.875
1.0591550375733776,12.9375
2.137656787928852,46.4375
2.242288749553205,58.5
1.9019010967230428,53.5
2.757455642583656,89.3125
2.05100409630286,42.75
2.91128327260157,54.25
1.8809795040871307,17.375
1.833828451155957,72.4375
4.207598785930006,97.5
2.4087215015703407,40.8125
1.3952059755066066,18.375
2.1761817612253376,44.25
2.095675490204737,46.0625
2.4607417209265128,49.375
2.621510503503627,67.6875
2.961221164965027,65.6470588235294
2.4461011963360035,62.3529411764706
2.711241064000456,59.4705882352941
2.6892884538499113,34.2352941176471
2.6570123895387634,68.7647058823529
2.38875414212693,21.5882352941176
2.189456661443401,47.7058823529412
2.8762089234463653,39.5882352941176
3.5198322676898908,44.7352941176471
3.0848815544873163,85.5294117647059
4.207598785930006,99.2941176470588
2.1354548042297052,73.2352941176471
2.4305293623339725,33.7647058823529
3.2987142463961936,47.7058823529412
2.099813455610063,10.0588235294118
2.431436005216364,26.7647058823529
1.984729120522957,19.7058823529412
2.013492933515112,34.5882352941176
2.201607310798919,8.73529411764706
1.8959806033615199,16.4705882352941
2.5089899796905195,45.7647058823529
2.7666260401479565,83.0588235294118
2.402357340144994,54.1176470588235
1.6970139333081011,29.3529411764706
2.5756021929816475,54.8235294117647
2.088342753248858,40.9411764705882
2.0135953149418255,42.4705882352941
1.9699175954650725,60.7058823529412
2.283861903342766,74.1176470588235
2.2204172961508624,63.8823529411765
2.0257179721268304,87.4117647058823
2.7878446941644395,95.6470588235294
2.5404119450262446,72.1764705882353
1.68007041748238,48.6470588235294
2.4512961769919186,26.2352941176471
2.3487156697321705,27.5294117647059
2.362567666060872,38.7058823529412
1.848745208688925,13.4117647058824
2.1655539492705103,50.6470588235294
2.359709405076624,69.6470588235294
2.1309354402589458,39.7058823529412
2.448255352457314,71.0
1.6423967167037306,84.3529411764706
1.9557323301931002,55.5882352941176
1.484457293306079,24.8823529411765
2.258052636907679,54.6470588235294
1.694170459983345,29.5588235294118
1.645277996265082,36.5294117647059
2.4908031462376847,44.1764705882353
2.6398236443936542,50.1470588235294
2.383978593407653,89.0588235294118
1.2986920553488595,84.2941176470588
2.2096211503957472,39.9411764705882
3.414133545591168,88.5294117647059
2.2297213547273635,64.8823529411765
1.9189101513137974,63.1176470588235
2.5353977825100382,80.0588235294118
2.7323091160182345,66.7647058823529
3.4509047617479913,73.4117647058823
2.3104620015077484,27.5882352941176
2.5582083248603995,12.9705882352941
1.770615509455485,85.5294117647059
2.096264045865907,91.4117647058823
2.482018308923195,46.4705882352941
4.0591317833909315,82.5294117647059
2.6615672034510918,35.3529411764706
1.5982369922178066,77.0
1.4860960103057876,64.0
2.525020819769163,51.2352941176471
2.5655728916837597,45.2352941176471
2.8266647500067106,18.4705882352941
2.424216528933055,73.7058823529412
1.5801684538613094,46.4705882352941
2.35489460030023,86.4705882352941
2.3017800404120847,70.0588235294118
2.4984470793021116,59.1764705882353
2.911486729276983,72.5882352941177
3.018120433702181,41.5882352941176
2.611139271860112,62.8823529411765
2.600048994111819,49.9411764705882
2.890764041491603,93.5882352941177
2.3162348220430298,27.9411764705882
2.581937368683892,49.1764705882353
3.032729589753835,56.8235294117647
1.9367552695051296,81.7058823529412
2.5769475105519,62.0588235294118
2.60680327885023,55.5882352941176
1.6494048551091602,73.6176470588235
2.42689424068562,86.4117647058823
3.0833249936583,74.3529411764706
2.164776986510982,60.3529411764706
2.87708298055971,47.1470588235294
1.827499877500703,24.4705882352941
4.207598785930006,99.4117647058823
0.697312599254198,29.5294117647059
2.1877047625397363,38.4117647058824
2.575340550020605,62.4705882352941
2.868402462155657,93.5588235294118
1.891397741150127,30.2352941176471
2.3121613490596724,81.2941176470588
1.5989263460010397,50.4117647058824
2.387306701511124,63.4705882352941
0.6748354035381596,29.4705882352941
1.9652134198461018,42.7058823529412
1.7634342564688636,52.4117647058824
1.4140466234376916,42.5
2.3460816662600825,97.0588235294118
2.108189725975571,71.5882352941177
2.050802563646734,67.4411764705882
2.192185124869346,56.3529411764706
2.6192343057293037,73.4705882352941
1.678965020428457,55.6470588235294
1.8282145197080322,90.1176470588235
3.4081323848137486,85.1764705882353
2.2672408187870596,61.4705882352941
2.0145060555692083,81.7058823529412
2.0062991164619706,52.7647058823529
1.5611285793132847,19.2941176470588
1.572954118277407,19.1176470588235
2.0545654978533276,37.9411764705882
1.8333751967100882,37.6470588235294
2.5255145814587654,95.5294117647059
2.67266705063105,33.1764705882353
3.1047564447674985,88.0
1.9631776883169125,66.9411764705882
2.4035440140802193,67.5882352941177
2.507146667452957,25.1176470588235
2.101418559894919,56.4705882352941
2.487495611329531,69.3529411764706
1.8969879724021366,54.5882352941176
1.7200173316348228,51.4705882352941
2.5957366192277966,51.2352941176471
3.369014666326844,77.1176470588235
1.805452361211562,26.5294117647059
2.818245628109139,66.1176470588235
2.994123414843003,90.0
3.1996323351547713,77.6470588235294
1.964525234826478,44.3529411764706
2.7502775893605276,85.7058823529412
3.41974421060891,94.8235294117647
2.5768402396880616,31.7857142857143
2.558481197045548,35.2241379310345
2.948214650901821,48.0344827586207
3.3354164751267614,77.0
1.7813090053160892,25.4137931034483
2.0395705752142295,32.3809523809524
2.2938763662046706,35.4761904761905
2.5265839260449034,37.8965517241379
2.0855171351096193,28.2758620689655
2.1503818142807214,34.3809523809524
2.0737064591917647,27.1379310344828
1.9698791435514553,30.2857142857143
1.0581155114780225,32.4761904761905
0.7992951646531996,40.1034482758621
2.3426919272310402,40.0689655172414
2.098760469816638,44.0476190476191
2.5759522631061693,41.1034482758621
2.7201518383014793,44.1904761904762
2.1292126673018124,38.6896551724138
2.1812084357804484,30.1428571428571
2.395444192598218,41.9047619047619
2.136771417409907,63.2068965517241
2.3011361049980343,35.4761904761905
2.6562705562161946,54.551724137931
2.27155246757942,28.2413793103448
2.5659785272819704,40.7619047619048
2.4457232998053398,38.7931034482759
1.742037061497063,44.3809523809524
2.343432637376215,43.1896551724138
2.092325286995625,38.1904761904762
2.3135254082479904,38.6896551724138
2.7313117876771895,57.9047619047619
2.1681974776613315,35.6206896551724
2.6577850219705175,33.9047619047619
2.2635219474436394,41.9655172413793
2.4172950640213697,33.4761904761905
2.592028307699936,40.3103448275862
1.94314447506019,30.4285714285714
2.927968558709233,78.2413793103448
2.582934945221018,74.4761904761905
2.292695165803435,32.4761904761905
2.2939071617808606,32.1724137931034
2.938688633797386,61.8095238095238
2.0357338560417935,61.4137931034483
2.6751241678267195,32.3793103448276
2.457040759448768,30.047619047619
3.315062871572282,45.551724137931
2.994512280106491,66.0
2.4508943315334455,29.5172413793103
2.243527570847598,31.8095238095238
2.223574162493127,38.7931034482759
2.3032963066811405,33.0476190476191
2.878903319339663,51.4761904761905
2.5981469000861996,63.8275862068966
2.6271460361979977,41.7241379310345
2.6666719449265974,32.8571428571429
2.9611829988065237,55.8095238095238
2.7236325823385092,58.2413793103448
1.9129533136650096,35.8571428571429
2.402604417871565,39.5862068965517
1.972813746080491,38.3793103448276
2.1395420748743534,37.8571428571429
2.11306539309803,32.3809523809524
2.382325739655941,33.2413793103448
0.9029842256594139,28.3793103448276
1.2083730381999547,32.3809523809524
2.432548379989582,57.3103448275862
2.8919632413813683,82.1904761904762
0.8734227249957713,45.4285714285714
0.9690554354931893,56.4827586206897
2.7308624571707028,45.9523809523809
2.523421255485033,64.8620689655172
1.7178506587934435,63.3809523809524
1.4848275673366413,29.3103448275862
1.7199922909662078,42.448275862069
1.9986209951915967,72.8571428571429
2.107322377276483,55.2068965517241
1.9625918036746401,56.9523809523809
2.2337289286838797,37.6666666666667
2.21959180301599,74.5862068965517
2.1039643233541345,34.7142857142857
2.1339322632208626,34.8275862068966
1.882746148292596,55.7586206896552
1.2637811753704704,52.4761904761905
2.9248439432926063,45.2619047619048
2.4468197180511657,38.7068965517241
1.9584702827153102,51.7931034482759
2.082466465433678,42.0714285714286
1.754619738282819,41.2380952380952
1.761642173708152,39.3448275862069
2.125580663196768,60.5172413793103
2.013635054403054,55.1428571428571
1.2833746785427378,38.1034482758621
1.5085297161561924,36.9047619047619
1.1383615844888275,35.8809523809524
1.024886399094571,31.948275862069
2.1319376515417856,39.9523809523809
2.4054122545424894,38.8620689655172
1.4210101006757472,27.3809523809524
2.168580723863482,31.5172413793103
1.675704234193961,76.8275862068966
1.675704234193961,75.4285714285714
3.149362379771884,70.8095238095238
2.858862493686801,34.551724137931
2.131796014332441,27.7619047619048
2.0393417446117095,30.5172413793103
1.9292199035164659,34.4285714285714
1.9708760064832505,43.551724137931
1.3667084891820311,33.0
1.4831423686117349,30.0
1.8035764204236913,47.4655172413793
1.9032328704112718,39.8333333333333
0.9400708427860166,28.9137931034483
0.6904515864882123,27.2857142857143
1.9313907275395332,48.6551724137931
1.8056191287211452,34.6666666666667
2.6525929089392504,70.3448275862069
2.4634999207331485,41.0476190476191
2.280584001210184,38.448275862069
2.4194174616273196,38.5238095238095
1.7867340419212785,67.0172413793103
1.7867340419212785,67.8809523809524
4.207598785930006,88.7241379310345
2.7210521373364696,42.5714285714286
2.170984086728541,41.1428571428571
2.6253280872152565,63.2758620689655
3.2113116186402317,45.551724137931
1.6944245944610017,35.5714285714286
1.857298264473908,41.0344827586207
2.749003945321821,65.7142857142857
4.207598785930006,87.0689655172414
3.086506801340646,39.5238095238095
2.414256037445453,78.6551724137931
2.5136519528419203,42.3809523809524
2.6510228635939406,48.6896551724138
4.207598785930006,79.9047619047619
2.8996047340889715,37.7619047619048
2.4477311853039097,40.7586206896552
1.912796719033421,40.6666666666667
2.0580462284741987,43.3793103448276
2.6258474076459093,72.0555555555556
2.4940711586087403,36.8333333333333
2.499932852943219,45.1111111111111
2.793104168812904,84.1111111111111
3.163049973215745,43.3888888888889
3.039757762311583,87.5
2.4368019368482883,91.5555555555556
2.19973431246246,83.3888888888889
3.1215205991986767,83.5
2.592998216806959,51.8611111111111
2.1809730827179497,53.8055555555556
2.881581625719585,90.3888888888889
2.841717520546552,83.6666666666667
2.704864140253412,88.6666666666667
2.6291566378264135,58.1666666666667
2.7559568004572794,59.9444444444444
2.44138584854385,72.2222222222222
2.8648637812266142,71.6944444444444
3.4168985413682567,90.6666666666667
1.5929799411066303,76.1666666666667
1.843289288956332,24.9444444444444
2.449728347835475,19.7777777777778
2.1307666228179953,78.3888888888889
1.9260472808857323,65.7222222222222
2.164006796126258,23.9166666666667
2.2312165170483946,28.8333333333333
3.0169033838075303,91.8333333333333
2.060131119941882,61.9444444444444
2.365010870760003,60.1111111111111
2.502096790929405,45.8333333333333
2.3343466494813145,62.1111111111111
1.0445311115133016,58.3333333333333
2.967142052071476,29.2222222222222
1.4284354104402068,17.6666666666667
2.191633576024635,52.2222222222222
2.06150648270032,30.1111111111111
1.8909485335536502,34.1111111111111
2.255226788562385,43.3333333333333
2.392421666376659,52.8333333333333
2.6834390469434513,31.1111111111111
2.2823322834009048,71.3333333333333
2.3789583415918756,42.0
3.336085887997125,28.1944444444444
2.08244380472318,49.2222222222222
2.3988018675152882,60.0277777777778
1.551380446151895,80.9722222222222
2.5401914515136985,34.8333333333333
2.6539284583420706,56.7222222222222
2.1024644428941834,54.3888888888889
2.278392882766216,62.3333333333333
2.278870089937322,32.4444444444444
2.5635928186376677,85.3888888888889
1.775701168952139,13.0555555555556
1.9892874797367566,64.2777777777778
2.223191838978151,18.1666666666667
2.0565404222666452,65.1111111111111
2.2762654558197597,47.2222222222222
2.139622674581679,69.1111111111111
2.351048449212064,66.1666666666667
1.5146620234564019,61.6666666666667
2.5355574252967283,75.5
1.5596790332023958,47.3888888888889
2.2252175015586744,48.0555555555556
2.1208498405766134,73.1111111111111
2.4310172632765172,88.7222222222222
1.4230735268749337,67.5555555555556
1.5640556005140833,58.8333333333333
1.7000507156228148,50.7777777777778
2.7901046059535957,63.4166666666667
2.853081518762178,67.6111111111111
